{
  "payment_consistency": 0.4826100766658783,
  "ewallet_months_active": 0.40766701102256775,
  "rent_reliability": 0.3910478949546814,
  "loan_tenure_months": 0.3233330547809601,
  "duitnow_avg_transaction_amount": 0.3221977651119232,
  "loan_to_income": 0.2752188444137573,
  "digital_activity_score": 0.2648293972015381,
  "ewallet_engagement": 0.2528655230998993,
  "income_median": 0.23625478148460388,
  "income_stability": 0.22378644347190857,
  "total_rental_months": 0.22140750288963318,
  "utility_bills_paid": 0.19354282319545746,
  "income_min": 0.16749337315559387,
  "rent_paid_on_time_months": 0.16621896624565125,
  "avg_monthly_income": 0.16407518088817596,
  "duitnow_transactions_per_month": 0.12040644884109497,
  "loan_amount_requested": 0.09244342148303986,
  "ewallet_monthly_volume": 0.08316497504711151,
  "missed_bills": 0.07815799117088318,
  "recharge_frequency_per_month": 0.06359530985355377,
  "ecomm_orders_per_month": 0.05465104058384895,
  "survey_consistency": 0.047677479684352875,
  "survey_q8": 0.039131537079811096,
  "income_per_person": 0.03908422961831093,
  "months_at_current_job": 0.03847137838602066,
  "survey_q1": 0.03695568069815636,
  "income_trend": 0.035162102431058884,
  "recharge_consistency": 0.03505384549498558,
  "prepaid_orders_ratio": 0.03297027572989464,
  "prepaid_preference": 0.03223444148898125,
  "avg_monthly_recharge_amount": 0.03127916157245636,
  "income_max": 0.03114236518740654,
  "income_range": 0.029790589585900307,
  "survey_q2": 0.02812729775905609,
  "utility_bills_total": 0.027285505086183548,
  "survey_q3": 0.02380601316690445,
  "ecomm_return_rate": 0.023155780509114265,
  "survey_q4": 0.02247934602200985,
  "state": 0.022090144455432892,
  "survey_avg": 0.02064051292836666,
  "survey_q6": 0.0195454191416502,
  "age": 0.01855449378490448,
  "ecomm_reliability": 0.01384145487099886,
  "survey_q5": 0.013701182790100574,
  "household_size": 0.013463309034705162,
  "account_maturity": 0.012350820936262608,
  "same_number_since_year": 0.010778416879475117,
  "survey_q7": 0.008248788304626942,
  "mobile_wallet_used": 0.005980974528938532,
  "employment_type": 0.005898601841181517,
  "job_stability_score": 0.00414491631090641,
  "num_income_sources": 0.0036073883529752493,
  "income_diversification": 0.0012535452842712402,
  "borrower_type": 0.001047298894263804,
  "is_young": 0.0009989447426050901,
  "is_senior": 0.0
}