{
  "payment_consistency": 0.739513635635376,
  "rent_paid_on_time_months": 0.6048370599746704,
  "duitnow_avg_transaction_amount": 0.5967895984649658,
  "ewallet_months_active": 0.4966568350791931,
  "loan_amount_requested": 0.3971194326877594,
  "loan_tenure_months": 0.379169762134552,
  "avg_monthly_income": 0.3722306489944458,
  "digital_activity_score": 0.36350321769714355,
  "income_stability": 0.3469385802745819,
  "duitnow_transactions_per_month": 0.3304233253002167,
  "total_rental_months": 0.3108397126197815,
  "utility_bills_paid": 0.20470833778381348,
  "income_month_2": 0.20443236827850342,
  "income_month_4": 0.16969478130340576,
  "income_month_5": 0.16527651250362396,
  "recharge_frequency_per_month": 0.1470152735710144,
  "income_month_6": 0.13577762246131897,
  "ecomm_orders_per_month": 0.13437114655971527,
  "income_month_1": 0.1287347972393036,
  "income_month_3": 0.11715400964021683,
  "survey_q8": 0.0945240780711174,
  "prepaid_orders_ratio": 0.0865517184138298,
  "survey_q1": 0.07553905248641968,
  "avg_monthly_recharge_amount": 0.07435836642980576,
  "state": 0.07344596087932587,
  "months_at_current_job": 0.07060977071523666,
  "age": 0.06975791603326797,
  "survey_q3": 0.0668683648109436,
  "ecomm_return_rate": 0.0583108514547348,
  "survey_q7": 0.05373729020357132,
  "utility_bills_total": 0.05326039344072342,
  "account_maturity": 0.05202645808458328,
  "household_size": 0.04966353252530098,
  "survey_q2": 0.049628760665655136,
  "survey_q5": 0.04397574067115784,
  "survey_q4": 0.04145834594964981,
  "survey_q6": 0.03822043538093567,
  "same_number_since_year": 0.033227939158678055,
  "employment_type": 0.03174116834998131,
  "num_income_sources": 0.013310631737112999,
  "mobile_wallet_used": 0.01126945111900568,
  "borrower_type": 0.00795031152665615
}