{
  "accuracy": 0.891,
  "auc_roc": 0.9142627450980392,
  "precision": 0.6798245614035088,
  "recall": 0.5166666666666667
}