{
  "accuracy": 0.897,
  "auc_roc": 0.9223274509803921,
  "precision": 0.6974789915966386,
  "recall": 0.5533333333333333,
  "f1_score": 0.6171003717472119,
  "cv_auc_mean": 0.9246056442863754,
  "cv_auc_std": 0.003567666901338948,
  "best_params": {
    "subsample": 0.7,
    "n_estimators": 200,
    "min_child_weight": 1,
    "max_depth": 4,
    "learning_rate": 0.05,
    "gamma": 0.2,
    "colsample_bytree": 0.7
  },
  "n_features": 56,
  "training_samples": 8000,
  "test_samples": 2000
}